distance,r,g,b
-24.00,0.93054,0.67325,0.46668
-23.75,0.93101,0.67456,0.46808
-23.50,0.93126,0.67572,0.46941
-23.25,0.93093,0.67621,0.47030
-23.00,0.93064,0.67680,0.47101
-22.75,0.93040,0.67753,0.47166
-22.50,0.93018,0.67830,0.47237
-22.25,0.92983,0.67906,0.47277
-22.00,0.92919,0.67948,0.47290
-21.75,0.92837,0.67970,0.47298
-21.50,0.92771,0.67995,0.47328
-21.25,0.92724,0.68036,0.47380
-21.00,0.92708,0.68132,0.47482
-20.75,0.92708,0.68257,0.47601
-20.50,0.92704,0.68399,0.47730
-20.25,0.92698,0.68567,0.47870
-20.00,0.92710,0.68760,0.48024
-19.75,0.92690,0.68895,0.48148
-19.50,0.92659,0.69022,0.48271
-19.25,0.92621,0.69145,0.48399
-19.00,0.92568,0.69256,0.48518
-18.75,0.92519,0.69397,0.48650
-18.50,0.92473,0.69547,0.48778
-18.25,0.92435,0.69706,0.48913
-18.00,0.92425,0.69900,0.49083
-17.75,0.92411,0.70066,0.49264
-17.50,0.92407,0.70232,0.49460
-17.25,0.92393,0.70419,0.49661
-17.00,0.92343,0.70566,0.49832
-16.75,0.92287,0.70697,0.49988
-16.50,0.92217,0.70814,0.50136
-16.25,0.92147,0.70930,0.50320
-16.00,0.92102,0.71095,0.50563
-15.75,0.92045,0.71257,0.50798
-15.50,0.91965,0.71421,0.51026
-15.25,0.91864,0.71571,0.51229
-15.00,0.91752,0.71725,0.51454
-14.75,0.91656,0.71911,0.51747
-14.50,0.91570,0.72143,0.52155
-14.25,0.91475,0.72416,0.52676
-14.00,0.91384,0.72754,0.53335
-13.75,0.91299,0.73112,0.54004
-13.50,0.91219,0.73480,0.54658
-13.25,0.91145,0.73828,0.55196
-13.00,0.91046,0.74088,0.55538
-12.75,0.90934,0.74319,0.55850
-12.50,0.90812,0.74548,0.56183
-12.25,0.90677,0.74775,0.56572
-12.00,0.90547,0.74940,0.56897
-11.75,0.90417,0.75135,0.57335
-11.50,0.90274,0.75310,0.57768
-11.25,0.90107,0.75389,0.58059
-11.00,0.89900,0.75338,0.58104
-10.75,0.89678,0.75219,0.58018
-10.50,0.89437,0.74940,0.57602
-10.25,0.89176,0.74540,0.56965
-10.00,0.88876,0.73946,0.56114
-9.75,0.88567,0.73289,0.55167
-9.50,0.88243,0.72535,0.54094
-9.25,0.87894,0.71713,0.52959
-9.00,0.87499,0.70811,0.51792
-8.75,0.87083,0.69883,0.50609
-8.50,0.86641,0.68917,0.49428
-8.25,0.86158,0.67880,0.48228
-8.00,0.85606,0.66750,0.47047
-7.75,0.85038,0.65567,0.45841
-7.50,0.84427,0.64340,0.44642
-7.25,0.83772,0.63079,0.43454
-7.00,0.83022,0.61786,0.42319
-6.75,0.82217,0.60476,0.41209
-6.50,0.81355,0.59121,0.40080
-6.25,0.80437,0.57748,0.38938
-6.00,0.79423,0.56380,0.37812
-5.75,0.78360,0.55008,0.36736
-5.50,0.77260,0.53643,0.35689
-5.25,0.76105,0.52289,0.34671
-5.00,0.74878,0.50966,0.33696
-4.75,0.73577,0.49643,0.32748
-4.50,0.72219,0.48330,0.31821
-4.25,0.70834,0.47035,0.30910
-4.00,0.69426,0.45756,0.30008
-3.75,0.67949,0.44505,0.29131
-3.50,0.66424,0.43279,0.28272
-3.25,0.64866,0.42073,0.27426
-3.00,0.63314,0.40911,0.26611
-2.75,0.61765,0.39770,0.25818
-2.50,0.60214,0.38643,0.25058
-2.25,0.58665,0.37540,0.24343
-2.00,0.57128,0.36476,0.23661
-1.75,0.55604,0.35437,0.22987
-1.50,0.54096,0.34428,0.22321
-1.25,0.52611,0.33462,0.21677
-1.00,0.51167,0.32518,0.21046
-0.75,0.49724,0.31572,0.20416
-0.50,0.48290,0.30641,0.19797
-0.25,0.46903,0.29734,0.19201
0.00,0.45587,0.28873,0.18640
0.25,0.44290,0.28025,0.18097
0.50,0.43023,0.27182,0.17570
0.75,0.41773,0.26354,0.17044
1.00,0.40577,0.25583,0.16547
1.25,0.39393,0.24837,0.16054
1.50,0.38223,0.24119,0.15566
1.75,0.37078,0.23425,0.15097
2.00,0.35992,0.22755,0.14665
2.25,0.34938,0.22095,0.14255
2.50,0.33908,0.21444,0.13845
2.75,0.32903,0.20804,0.13428
3.00,0.31920,0.20193,0.13027
3.25,0.30954,0.19610,0.12656
3.50,0.30004,0.19048,0.12305
3.75,0.29080,0.18485,0.11975
4.00,0.28212,0.17945,0.11648
4.25,0.27365,0.17412,0.11320
4.50,0.26532,0.16885,0.11000
4.75,0.25700,0.16374,0.10672
5.00,0.24889,0.15868,0.10371
5.25,0.24113,0.15386,0.10075
5.50,0.23351,0.14910,0.09783
5.75,0.22608,0.14446,0.09501
6.00,0.21896,0.14035,0.09251
6.25,0.21190,0.13627,0.09000
6.50,0.20507,0.13226,0.08772
6.75,0.19844,0.12831,0.08559
7.00,0.19220,0.12439,0.08335
7.25,0.18619,0.12059,0.08103
7.50,0.18036,0.11696,0.07876
7.75,0.17463,0.11345,0.07643
8.00,0.16917,0.11023,0.07432
8.25,0.16387,0.10713,0.07239
8.50,0.15865,0.10408,0.07067
8.75,0.15351,0.10106,0.06909
9.00,0.14853,0.09825,0.06755
9.25,0.14359,0.09550,0.06595
9.50,0.13869,0.09279,0.06432
9.75,0.13385,0.09013,0.06267
10.00,0.12934,0.08769,0.06106
10.25,0.12517,0.08541,0.05970
10.50,0.12106,0.08318,0.05843
10.75,0.11705,0.08098,0.05715
11.00,0.11328,0.07896,0.05625
11.25,0.10961,0.07712,0.05555
11.50,0.10601,0.07537,0.05483
11.75,0.10246,0.07368,0.05409
12.00,0.09912,0.07179,0.05307
12.25,0.09605,0.06992,0.05183
12.50,0.09298,0.06798,0.05044
12.75,0.08994,0.06597,0.04907
13.00,0.08683,0.06423,0.04785
13.25,0.08377,0.06266,0.04700
13.50,0.08079,0.06119,0.04623
13.75,0.07798,0.05982,0.04544
14.00,0.07543,0.05847,0.04481
14.25,0.07319,0.05716,0.04415
14.50,0.07094,0.05585,0.04341
14.75,0.06874,0.05463,0.04278
15.00,0.06660,0.05339,0.04193
15.25,0.06450,0.05212,0.04088
15.50,0.06238,0.05074,0.03974
15.75,0.06040,0.04947,0.03866
16.00,0.05850,0.04837,0.03770
16.25,0.05668,0.04732,0.03704
16.50,0.05500,0.04631,0.03664
16.75,0.05337,0.04535,0.03623
17.00,0.05190,0.04439,0.03584
17.25,0.05062,0.04371,0.03559
17.50,0.04923,0.04302,0.03514
17.75,0.04781,0.04230,0.03475
18.00,0.04638,0.04157,0.03430
18.25,0.04491,0.04079,0.03383
18.50,0.04358,0.04023,0.03363
18.75,0.04233,0.03978,0.03351
19.00,0.04121,0.03920,0.03327
19.25,0.04027,0.03852,0.03298
19.50,0.03918,0.03758,0.03228
19.75,0.03811,0.03668,0.03163
20.00,0.03705,0.03595,0.03109
20.25,0.03585,0.03538,0.03063
20.50,0.03481,0.03492,0.03034
20.75,0.03371,0.03436,0.02998
21.00,0.03261,0.03378,0.02966
21.25,0.03169,0.03321,0.02930
21.50,0.03085,0.03275,0.02897
21.75,0.03037,0.03261,0.02893
22.00,0.03003,0.03252,0.02895
22.25,0.02956,0.03232,0.02901
22.50,0.02906,0.03214,0.02913
22.75,0.02839,0.03178,0.02906
23.00,0.02743,0.03125,0.02870
23.25,0.02646,0.03059,0.02812
23.50,0.02566,0.03001,0.02762
23.75,0.02496,0.02959,0.02730
24.00,0.02438,0.02924,0.02710
24.25,0.02393,0.02889,0.02706
24.50,0.02344,0.02852,0.02698
24.75,0.02306,0.02823,0.02678
25.00,0.02281,0.02786,0.02667
25.25,0.02264,0.02763,0.02648
25.50,0.02249,0.02745,0.02633
25.75,0.02249,0.02749,0.02640
26.00,0.02234,0.02767,0.02646
26.25,0.02210,0.02793,0.02657
26.50,0.02174,0.02814,0.02670
26.75,0.02102,0.02787,0.02634
27.00,0.02033,0.02746,0.02585
27.25,0.01982,0.02695,0.02539
27.50,0.01954,0.02649,0.02502
27.75,0.01950,0.02632,0.02495
28.00,0.01941,0.02618,0.02505
28.25,0.01908,0.02602,0.02520
28.50,0.01853,0.02579,0.02532
28.75,0.01805,0.02564,0.02551
29.00,0.01770,0.02558,0.02566
29.25,0.01741,0.02544,0.02549
29.50,0.01725,0.02521,0.02513
29.75,0.01791,0.02577,0.02546
30.00,0.01897,0.02670,0.02620
30.25,0.02012,0.02778,0.02719
30.50,0.02098,0.02884,0.02819
30.75,0.02124,0.02938,0.02873
31.00,0.02104,0.02971,0.02913
31.25,0.02076,0.02987,0.02939
31.50,0.02059,0.02984,0.02959
31.75,0.02023,0.02960,0.02954
32.00,0.01965,0.02881,0.02888
32.25,0.01915,0.02795,0.02807
32.50,0.01866,0.02720,0.02733
32.75,0.01804,0.02635,0.02653
33.00,0.01717,0.02522,0.02549
33.25,0.01638,0.02435,0.02461
33.50,0.01567,0.02361,0.02384
33.75,0.01511,0.02304,0.02321
34.00,0.01480,0.02279,0.02281
34.25,0.01443,0.02251,0.02240
34.50,0.01408,0.02228,0.02198
34.75,0.01378,0.02206,0.02161
35.00,0.01361,0.02199,0.02149
35.25,0.01359,0.02191,0.02138
35.50,0.01354,0.02189,0.02150
35.75,0.01355,0.02201,0.02171
36.00,0.01352,0.02208,0.02187
36.25,0.01345,0.02219,0.02191
36.50,0.01346,0.02236,0.02180
36.75,0.01347,0.02227,0.02156
37.00,0.01349,0.02225,0.02141
37.25,0.01339,0.02221,0.02133
37.50,0.01326,0.02203,0.02125
37.75,0.01319,0.02202,0.02122
38.00,0.01307,0.02196,0.02118
38.25,0.01303,0.02184,0.02115
38.50,0.01308,0.02174,0.02119
38.75,0.01314,0.02159,0.02131
39.00,0.01325,0.02142,0.02140
39.25,0.01335,0.02129,0.02135
39.50,0.01347,0.02126,0.02133
39.75,0.01367,0.02132,0.02137
40.00,0.01390,0.02137,0.02138
40.25,0.01395,0.02132,0.02147
40.50,0.01389,0.02120,0.02137
40.75,0.01385,0.02112,0.02119
41.00,0.01365,0.02108,0.02095
41.25,0.01345,0.02095,0.02068
41.50,0.01344,0.02090,0.02050
41.75,0.01358,0.02099,0.02066
42.00,0.01367,0.02092,0.02077
42.25,0.01368,0.02083,0.02081
42.50,0.01356,0.02072,0.02075
42.75,0.01338,0.02055,0.02055
43.00,0.01314,0.02044,0.02043
43.25,0.01304,0.02047,0.02040
43.50,0.01309,0.02061,0.02052
43.75,0.01315,0.02074,0.02068
44.00,0.01317,0.02086,0.02075
44.25,0.01313,0.02102,0.02089
44.50,0.01308,0.02105,0.02097
44.75,0.01301,0.02099,0.02100
45.00,0.01300,0.02095,0.02105
45.25,0.01314,0.02089,0.02102
45.50,0.01319,0.02077,0.02093
45.75,0.01313,0.02065,0.02081
46.00,0.01312,0.02056,0.02075
46.25,0.01304,0.02053,0.02064
46.50,0.01302,0.02055,0.02058
46.75,0.01304,0.02057,0.02041
47.00,0.01307,0.02057,0.02021
47.25,0.01313,0.02066,0.02014
47.50,0.01310,0.02071,0.02004
47.75,0.01300,0.02069,0.01991
